query_idx,state_idx,challenge_id,success,key_hex
0,0,0,1,32f68d0b298573fd3c73a204223cdc083223232738ea9c94435b6eb78cba4163
1,0,0,1,32f68d0b298573fd3c73a204223cdc083223232738ea9c94435b6eb78cba4163
2,0,0,1,32f68d0b298573fd3c73a204223cdc083223232738ea9c94435b6eb78cba4163
3,0,0,1,32f68d0b298573fd3c73a204223cdc083223232738ea9c94435b6eb78cba4163
4,0,0,1,32f68d0b298573fd3c73a204223cdc083223232738ea9c94435b6eb78cba4163
5,0,0,1,32f68d0b298573fd3c73a204223cdc083223232738ea9c94435b6eb78cba4163
6,0,0,1,32f68d0b298573fd3c73a204223cdc083223232738ea9c94435b6eb78cba4163
7,0,0,1,32f68d0b298573fd3c73a204223cdc083223232738ea9c94435b6eb78cba4163
8,0,0,1,32f68d0b298573fd3c73a204223cdc083223232738ea9c94435b6eb78cba4163
9,0,0,1,32f68d0b298573fd3c73a204223cdc083223232738ea9c94435b6eb78cba4163
10,0,0,1,32f68d0b298573fd3c73a204223cdc083223232738ea9c94435b6eb78cba4163
11,0,0,1,32f68d0b298573fd3c73a204223cdc083223232738ea9c94435b6eb78cba4163
12,0,0,1,32f68d0b298573fd3c73a204223cdc083223232738ea9c94435b6eb78cba4163
13,0,0,1,32f68d0b298573fd3c73a204223cdc083223232738ea9c94435b6eb78cba4163
14,0,0,1,32f68d0b298573fd3c73a204223cdc083223232738ea9c94435b6eb78cba4163
15,0,0,1,32f68d0b298573fd3c73a204223cdc083223232738ea9c94435b6eb78cba4163
16,0,0,1,32f68d0b298573fd3c73a204223cdc083223232738ea9c94435b6eb78cba4163
17,0,0,1,32f68d0b298573fd3c73a204223cdc083223232738ea9c94435b6eb78cba4163
18,0,0,1,32f68d0b298573fd3c73a204223cdc083223232738ea9c94435b6eb78cba4163
19,0,0,1,32f68d0b298573fd3c73a204223cdc083223232738ea9c94435b6eb78cba4163
20,0,0,1,32f68d0b298573fd3c73a204223cdc083223232738ea9c94435b6eb78cba4163
21,0,0,1,32f68d0b298573fd3c73a204223cdc083223232738ea9c94435b6eb78cba4163
22,0,0,1,32f68d0b298573fd3c73a204223cdc083223232738ea9c94435b6eb78cba4163
23,0,0,1,32f68d0b298573fd3c73a204223cdc083223232738ea9c94435b6eb78cba4163
24,0,0,1,32f68d0b298573fd3c73a204223cdc083223232738ea9c94435b6eb78cba4163
25,0,0,1,32f68d0b298573fd3c73a204223cdc083223232738ea9c94435b6eb78cba4163
26,0,0,1,32f68d0b298573fd3c73a204223cdc083223232738ea9c94435b6eb78cba4163
27,0,0,1,32f68d0b298573fd3c73a204223cdc083223232738ea9c94435b6eb78cba4163
28,0,0,1,32f68d0b298573fd3c73a204223cdc083223232738ea9c94435b6eb78cba4163
29,0,0,1,32f68d0b298573fd3c73a204223cdc083223232738ea9c94435b6eb78cba4163
30,0,0,1,32f68d0b298573fd3c73a204223cdc083223232738ea9c94435b6eb78cba4163
31,0,0,1,32f68d0b298573fd3c73a204223cdc083223232738ea9c94435b6eb78cba4163
32,0,0,1,32f68d0b298573fd3c73a204223cdc083223232738ea9c94435b6eb78cba4163
33,0,0,1,32f68d0b298573fd3c73a204223cdc083223232738ea9c94435b6eb78cba4163
34,0,0,1,32f68d0b298573fd3c73a204223cdc083223232738ea9c94435b6eb78cba4163
35,0,0,1,32f68d0b298573fd3c73a204223cdc083223232738ea9c94435b6eb78cba4163
36,0,0,1,32f68d0b298573fd3c73a204223cdc083223232738ea9c94435b6eb78cba4163
37,0,0,1,32f68d0b298573fd3c73a204223cdc083223232738ea9c94435b6eb78cba4163
38,0,0,1,32f68d0b298573fd3c73a204223cdc083223232738ea9c94435b6eb78cba4163
39,0,0,1,32f68d0b298573fd3c73a204223cdc083223232738ea9c94435b6eb78cba4163
40,0,0,1,32f68d0b298573fd3c73a204223cdc083223232738ea9c94435b6eb78cba4163
41,0,0,1,32f68d0b298573fd3c73a204223cdc083223232738ea9c94435b6eb78cba4163
42,0,0,1,32f68d0b298573fd3c73a204223cdc083223232738ea9c94435b6eb78cba4163
43,0,0,1,32f68d0b298573fd3c73a204223cdc083223232738ea9c94435b6eb78cba4163
44,0,0,1,32f68d0b298573fd3c73a204223cdc083223232738ea9c94435b6eb78cba4163
45,0,0,1,32f68d0b298573fd3c73a204223cdc083223232738ea9c94435b6eb78cba4163
46,0,0,1,32f68d0b298573fd3c73a204223cdc083223232738ea9c94435b6eb78cba4163
47,0,0,1,32f68d0b298573fd3c73a204223cdc083223232738ea9c94435b6eb78cba4163
48,0,0,1,32f68d0b298573fd3c73a204223cdc083223232738ea9c94435b6eb78cba4163
49,0,0,1,32f68d0b298573fd3c73a204223cdc083223232738ea9c94435b6eb78cba4163
50,0,0,1,32f68d0b298573fd3c73a204223cdc083223232738ea9c94435b6eb78cba4163
51,0,0,1,32f68d0b298573fd3c73a204223cdc083223232738ea9c94435b6eb78cba4163
52,0,0,1,32f68d0b298573fd3c73a204223cdc083223232738ea9c94435b6eb78cba4163
53,0,0,1,32f68d0b298573fd3c73a204223cdc083223232738ea9c94435b6eb78cba4163
54,0,0,1,32f68d0b298573fd3c73a204223cdc083223232738ea9c94435b6eb78cba4163
55,0,0,1,32f68d0b298573fd3c73a204223cdc083223232738ea9c94435b6eb78cba4163
56,0,0,1,32f68d0b298573fd3c73a204223cdc083223232738ea9c94435b6eb78cba4163
57,0,0,1,32f68d0b298573fd3c73a204223cdc083223232738ea9c94435b6eb78cba4163
58,0,0,1,32f68d0b298573fd3c73a204223cdc083223232738ea9c94435b6eb78cba4163
59,0,0,1,32f68d0b298573fd3c73a204223cdc083223232738ea9c94435b6eb78cba4163
60,0,0,1,32f68d0b298573fd3c73a204223cdc083223232738ea9c94435b6eb78cba4163
61,0,0,1,32f68d0b298573fd3c73a204223cdc083223232738ea9c94435b6eb78cba4163
62,0,0,1,32f68d0b298573fd3c73a204223cdc083223232738ea9c94435b6eb78cba4163
63,0,0,1,32f68d0b298573fd3c73a204223cdc083223232738ea9c94435b6eb78cba4163
64,0,0,1,32f68d0b298573fd3c73a204223cdc083223232738ea9c94435b6eb78cba4163
65,0,0,1,32f68d0b298573fd3c73a204223cdc083223232738ea9c94435b6eb78cba4163
66,0,0,1,32f68d0b298573fd3c73a204223cdc083223232738ea9c94435b6eb78cba4163
67,0,0,1,32f68d0b298573fd3c73a204223cdc083223232738ea9c94435b6eb78cba4163
68,0,0,1,32f68d0b298573fd3c73a204223cdc083223232738ea9c94435b6eb78cba4163
69,0,0,1,32f68d0b298573fd3c73a204223cdc083223232738ea9c94435b6eb78cba4163
70,0,0,1,32f68d0b298573fd3c73a204223cdc083223232738ea9c94435b6eb78cba4163
71,0,0,1,32f68d0b298573fd3c73a204223cdc083223232738ea9c94435b6eb78cba4163
72,0,0,1,32f68d0b298573fd3c73a204223cdc083223232738ea9c94435b6eb78cba4163
73,0,0,1,32f68d0b298573fd3c73a204223cdc083223232738ea9c94435b6eb78cba4163
74,0,0,1,32f68d0b298573fd3c73a204223cdc083223232738ea9c94435b6eb78cba4163
75,0,0,1,32f68d0b298573fd3c73a204223cdc083223232738ea9c94435b6eb78cba4163
76,0,0,1,32f68d0b298573fd3c73a204223cdc083223232738ea9c94435b6eb78cba4163
77,0,0,1,32f68d0b298573fd3c73a204223cdc083223232738ea9c94435b6eb78cba4163
78,0,0,1,32f68d0b298573fd3c73a204223cdc083223232738ea9c94435b6eb78cba4163
79,0,0,1,32f68d0b298573fd3c73a204223cdc083223232738ea9c94435b6eb78cba4163
80,0,0,1,32f68d0b298573fd3c73a204223cdc083223232738ea9c94435b6eb78cba4163
81,0,0,1,32f68d0b298573fd3c73a204223cdc083223232738ea9c94435b6eb78cba4163
82,0,0,1,32f68d0b298573fd3c73a204223cdc083223232738ea9c94435b6eb78cba4163
83,0,0,1,32f68d0b298573fd3c73a204223cdc083223232738ea9c94435b6eb78cba4163
84,0,0,1,32f68d0b298573fd3c73a204223cdc083223232738ea9c94435b6eb78cba4163
85,0,0,1,32f68d0b298573fd3c73a204223cdc083223232738ea9c94435b6eb78cba4163
86,0,0,1,32f68d0b298573fd3c73a204223cdc083223232738ea9c94435b6eb78cba4163
87,0,0,1,32f68d0b298573fd3c73a204223cdc083223232738ea9c94435b6eb78cba4163
88,0,0,1,32f68d0b298573fd3c73a204223cdc083223232738ea9c94435b6eb78cba4163
89,0,0,1,32f68d0b298573fd3c73a204223cdc083223232738ea9c94435b6eb78cba4163
90,0,0,1,32f68d0b298573fd3c73a204223cdc083223232738ea9c94435b6eb78cba4163
91,0,0,1,32f68d0b298573fd3c73a204223cdc083223232738ea9c94435b6eb78cba4163
92,0,0,1,32f68d0b298573fd3c73a204223cdc083223232738ea9c94435b6eb78cba4163
93,0,0,1,32f68d0b298573fd3c73a204223cdc083223232738ea9c94435b6eb78cba4163
94,0,0,1,32f68d0b298573fd3c73a204223cdc083223232738ea9c94435b6eb78cba4163
95,0,0,1,32f68d0b298573fd3c73a204223cdc083223232738ea9c94435b6eb78cba4163
96,0,0,1,32f68d0b298573fd3c73a204223cdc083223232738ea9c94435b6eb78cba4163
97,0,0,1,32f68d0b298573fd3c73a204223cdc083223232738ea9c94435b6eb78cba4163
98,0,0,1,32f68d0b298573fd3c73a204223cdc083223232738ea9c94435b6eb78cba4163
99,0,0,1,32f68d0b298573fd3c73a204223cdc083223232738ea9c94435b6eb78cba4163
100,0,0,1,32f68d0b298573fd3c73a204223cdc083223232738ea9c94435b6eb78cba4163
101,0,0,1,32f68d0b298573fd3c73a204223cdc083223232738ea9c94435b6eb78cba4163
102,0,0,1,32f68d0b298573fd3c73a204223cdc083223232738ea9c94435b6eb78cba4163
103,0,0,1,32f68d0b298573fd3c73a204223cdc083223232738ea9c94435b6eb78cba4163
104,0,0,1,32f68d0b298573fd3c73a204223cdc083223232738ea9c94435b6eb78cba4163
105,0,0,1,32f68d0b298573fd3c73a204223cdc083223232738ea9c94435b6eb78cba4163
106,0,0,1,32f68d0b298573fd3c73a204223cdc083223232738ea9c94435b6eb78cba4163
107,0,0,1,32f68d0b298573fd3c73a204223cdc083223232738ea9c94435b6eb78cba4163
108,0,0,1,32f68d0b298573fd3c73a204223cdc083223232738ea9c94435b6eb78cba4163
109,0,0,1,32f68d0b298573fd3c73a204223cdc083223232738ea9c94435b6eb78cba4163
110,0,0,1,32f68d0b298573fd3c73a204223cdc083223232738ea9c94435b6eb78cba4163
111,0,0,1,32f68d0b298573fd3c73a204223cdc083223232738ea9c94435b6eb78cba4163
112,0,0,1,32f68d0b298573fd3c73a204223cdc083223232738ea9c94435b6eb78cba4163
113,0,0,1,32f68d0b298573fd3c73a204223cdc083223232738ea9c94435b6eb78cba4163
114,0,0,1,32f68d0b298573fd3c73a204223cdc083223232738ea9c94435b6eb78cba4163
115,0,0,1,32f68d0b298573fd3c73a204223cdc083223232738ea9c94435b6eb78cba4163
116,0,0,1,32f68d0b298573fd3c73a204223cdc083223232738ea9c94435b6eb78cba4163
117,0,0,1,32f68d0b298573fd3c73a204223cdc083223232738ea9c94435b6eb78cba4163
118,0,0,1,32f68d0b298573fd3c73a204223cdc083223232738ea9c94435b6eb78cba4163
119,0,0,1,32f68d0b298573fd3c73a204223cdc083223232738ea9c94435b6eb78cba4163
120,0,0,1,32f68d0b298573fd3c73a204223cdc083223232738ea9c94435b6eb78cba4163
121,0,0,1,32f68d0b298573fd3c73a204223cdc083223232738ea9c94435b6eb78cba4163
122,0,0,1,32f68d0b298573fd3c73a204223cdc083223232738ea9c94435b6eb78cba4163
123,0,0,1,32f68d0b298573fd3c73a204223cdc083223232738ea9c94435b6eb78cba4163
124,0,0,1,32f68d0b298573fd3c73a204223cdc083223232738ea9c94435b6eb78cba4163
125,0,0,1,32f68d0b298573fd3c73a204223cdc083223232738ea9c94435b6eb78cba4163
126,0,0,1,32f68d0b298573fd3c73a204223cdc083223232738ea9c94435b6eb78cba4163
127,0,0,1,32f68d0b298573fd3c73a204223cdc083223232738ea9c94435b6eb78cba4163
128,0,0,1,32f68d0b298573fd3c73a204223cdc083223232738ea9c94435b6eb78cba4163
129,0,0,1,32f68d0b298573fd3c73a204223cdc083223232738ea9c94435b6eb78cba4163
130,0,0,1,32f68d0b298573fd3c73a204223cdc083223232738ea9c94435b6eb78cba4163
131,0,0,1,32f68d0b298573fd3c73a204223cdc083223232738ea9c94435b6eb78cba4163
132,0,0,1,32f68d0b298573fd3c73a204223cdc083223232738ea9c94435b6eb78cba4163
133,0,0,1,32f68d0b298573fd3c73a204223cdc083223232738ea9c94435b6eb78cba4163
134,0,0,1,32f68d0b298573fd3c73a204223cdc083223232738ea9c94435b6eb78cba4163
135,0,0,1,32f68d0b298573fd3c73a204223cdc083223232738ea9c94435b6eb78cba4163
136,0,0,1,32f68d0b298573fd3c73a204223cdc083223232738ea9c94435b6eb78cba4163
137,0,0,1,32f68d0b298573fd3c73a204223cdc083223232738ea9c94435b6eb78cba4163
138,0,0,1,32f68d0b298573fd3c73a204223cdc083223232738ea9c94435b6eb78cba4163
139,0,0,1,32f68d0b298573fd3c73a204223cdc083223232738ea9c94435b6eb78cba4163
140,0,0,1,32f68d0b298573fd3c73a204223cdc083223232738ea9c94435b6eb78cba4163
141,0,0,1,32f68d0b298573fd3c73a204223cdc083223232738ea9c94435b6eb78cba4163
142,0,0,1,32f68d0b298573fd3c73a204223cdc083223232738ea9c94435b6eb78cba4163
143,0,0,1,32f68d0b298573fd3c73a204223cdc083223232738ea9c94435b6eb78cba4163
144,0,0,1,32f68d0b298573fd3c73a204223cdc083223232738ea9c94435b6eb78cba4163
145,0,0,1,32f68d0b298573fd3c73a204223cdc083223232738ea9c94435b6eb78cba4163
146,0,0,1,32f68d0b298573fd3c73a204223cdc083223232738ea9c94435b6eb78cba4163
147,0,0,1,32f68d0b298573fd3c73a204223cdc083223232738ea9c94435b6eb78cba4163
148,0,0,1,32f68d0b298573fd3c73a204223cdc083223232738ea9c94435b6eb78cba4163
149,0,0,1,32f68d0b298573fd3c73a204223cdc083223232738ea9c94435b6eb78cba4163
150,0,0,1,32f68d0b298573fd3c73a204223cdc083223232738ea9c94435b6eb78cba4163
151,0,0,1,32f68d0b298573fd3c73a204223cdc083223232738ea9c94435b6eb78cba4163
152,0,0,1,32f68d0b298573fd3c73a204223cdc083223232738ea9c94435b6eb78cba4163
153,0,0,1,32f68d0b298573fd3c73a204223cdc083223232738ea9c94435b6eb78cba4163
154,0,0,1,32f68d0b298573fd3c73a204223cdc083223232738ea9c94435b6eb78cba4163
155,0,0,1,32f68d0b298573fd3c73a204223cdc083223232738ea9c94435b6eb78cba4163
156,0,0,1,32f68d0b298573fd3c73a204223cdc083223232738ea9c94435b6eb78cba4163
157,0,0,1,32f68d0b298573fd3c73a204223cdc083223232738ea9c94435b6eb78cba4163
158,0,0,1,32f68d0b298573fd3c73a204223cdc083223232738ea9c94435b6eb78cba4163
159,0,0,1,32f68d0b298573fd3c73a204223cdc083223232738ea9c94435b6eb78cba4163
160,0,0,1,32f68d0b298573fd3c73a204223cdc083223232738ea9c94435b6eb78cba4163
161,0,0,1,32f68d0b298573fd3c73a204223cdc083223232738ea9c94435b6eb78cba4163
162,0,0,1,32f68d0b298573fd3c73a204223cdc083223232738ea9c94435b6eb78cba4163
163,0,0,1,32f68d0b298573fd3c73a204223cdc083223232738ea9c94435b6eb78cba4163
164,0,0,1,32f68d0b298573fd3c73a204223cdc083223232738ea9c94435b6eb78cba4163
165,0,0,1,32f68d0b298573fd3c73a204223cdc083223232738ea9c94435b6eb78cba4163
166,0,0,1,32f68d0b298573fd3c73a204223cdc083223232738ea9c94435b6eb78cba4163
167,0,0,1,32f68d0b298573fd3c73a204223cdc083223232738ea9c94435b6eb78cba4163
168,0,0,1,32f68d0b298573fd3c73a204223cdc083223232738ea9c94435b6eb78cba4163
169,0,0,1,32f68d0b298573fd3c73a204223cdc083223232738ea9c94435b6eb78cba4163
170,0,0,1,32f68d0b298573fd3c73a204223cdc083223232738ea9c94435b6eb78cba4163
171,0,0,1,32f68d0b298573fd3c73a204223cdc083223232738ea9c94435b6eb78cba4163
172,0,0,1,32f68d0b298573fd3c73a204223cdc083223232738ea9c94435b6eb78cba4163
173,0,0,1,32f68d0b298573fd3c73a204223cdc083223232738ea9c94435b6eb78cba4163
174,0,0,1,32f68d0b298573fd3c73a204223cdc083223232738ea9c94435b6eb78cba4163
175,0,0,1,32f68d0b298573fd3c73a204223cdc083223232738ea9c94435b6eb78cba4163
176,0,0,1,32f68d0b298573fd3c73a204223cdc083223232738ea9c94435b6eb78cba4163
177,0,0,1,32f68d0b298573fd3c73a204223cdc083223232738ea9c94435b6eb78cba4163
178,0,0,1,32f68d0b298573fd3c73a204223cdc083223232738ea9c94435b6eb78cba4163
179,0,0,1,32f68d0b298573fd3c73a204223cdc083223232738ea9c94435b6eb78cba4163
180,0,0,1,32f68d0b298573fd3c73a204223cdc083223232738ea9c94435b6eb78cba4163
181,0,0,1,32f68d0b298573fd3c73a204223cdc083223232738ea9c94435b6eb78cba4163
182,0,0,1,32f68d0b298573fd3c73a204223cdc083223232738ea9c94435b6eb78cba4163
183,0,0,1,32f68d0b298573fd3c73a204223cdc083223232738ea9c94435b6eb78cba4163
184,0,0,1,32f68d0b298573fd3c73a204223cdc083223232738ea9c94435b6eb78cba4163
185,0,0,1,32f68d0b298573fd3c73a204223cdc083223232738ea9c94435b6eb78cba4163
186,0,0,1,32f68d0b298573fd3c73a204223cdc083223232738ea9c94435b6eb78cba4163
187,0,0,1,32f68d0b298573fd3c73a204223cdc083223232738ea9c94435b6eb78cba4163
188,0,0,1,32f68d0b298573fd3c73a204223cdc083223232738ea9c94435b6eb78cba4163
189,0,0,1,32f68d0b298573fd3c73a204223cdc083223232738ea9c94435b6eb78cba4163
190,0,0,1,32f68d0b298573fd3c73a204223cdc083223232738ea9c94435b6eb78cba4163
191,0,0,1,32f68d0b298573fd3c73a204223cdc083223232738ea9c94435b6eb78cba4163
192,0,0,1,32f68d0b298573fd3c73a204223cdc083223232738ea9c94435b6eb78cba4163
193,0,0,1,32f68d0b298573fd3c73a204223cdc083223232738ea9c94435b6eb78cba4163
194,0,0,1,32f68d0b298573fd3c73a204223cdc083223232738ea9c94435b6eb78cba4163
195,0,0,1,32f68d0b298573fd3c73a204223cdc083223232738ea9c94435b6eb78cba4163
196,0,0,1,32f68d0b298573fd3c73a204223cdc083223232738ea9c94435b6eb78cba4163
197,0,0,1,32f68d0b298573fd3c73a204223cdc083223232738ea9c94435b6eb78cba4163
198,0,0,1,32f68d0b298573fd3c73a204223cdc083223232738ea9c94435b6eb78cba4163
199,0,0,1,32f68d0b298573fd3c73a204223cdc083223232738ea9c94435b6eb78cba4163
200,0,0,1,32f68d0b298573fd3c73a204223cdc083223232738ea9c94435b6eb78cba4163
201,0,0,1,32f68d0b298573fd3c73a204223cdc083223232738ea9c94435b6eb78cba4163
202,0,0,1,32f68d0b298573fd3c73a204223cdc083223232738ea9c94435b6eb78cba4163
203,0,0,1,32f68d0b298573fd3c73a204223cdc083223232738ea9c94435b6eb78cba4163
204,0,0,1,32f68d0b298573fd3c73a204223cdc083223232738ea9c94435b6eb78cba4163
205,0,0,1,32f68d0b298573fd3c73a204223cdc083223232738ea9c94435b6eb78cba4163
206,0,0,1,32f68d0b298573fd3c73a204223cdc083223232738ea9c94435b6eb78cba4163
207,0,0,1,32f68d0b298573fd3c73a204223cdc083223232738ea9c94435b6eb78cba4163
208,0,0,1,32f68d0b298573fd3c73a204223cdc083223232738ea9c94435b6eb78cba4163
209,0,0,1,32f68d0b298573fd3c73a204223cdc083223232738ea9c94435b6eb78cba4163
210,0,0,1,32f68d0b298573fd3c73a204223cdc083223232738ea9c94435b6eb78cba4163
211,0,0,1,32f68d0b298573fd3c73a204223cdc083223232738ea9c94435b6eb78cba4163
212,0,0,1,32f68d0b298573fd3c73a204223cdc083223232738ea9c94435b6eb78cba4163
213,0,0,1,32f68d0b298573fd3c73a204223cdc083223232738ea9c94435b6eb78cba4163
214,0,0,1,32f68d0b298573fd3c73a204223cdc083223232738ea9c94435b6eb78cba4163
215,0,0,1,32f68d0b298573fd3c73a204223cdc083223232738ea9c94435b6eb78cba4163
216,0,0,1,32f68d0b298573fd3c73a204223cdc083223232738ea9c94435b6eb78cba4163
217,0,0,1,32f68d0b298573fd3c73a204223cdc083223232738ea9c94435b6eb78cba4163
218,0,0,1,32f68d0b298573fd3c73a204223cdc083223232738ea9c94435b6eb78cba4163
219,0,0,1,32f68d0b298573fd3c73a204223cdc083223232738ea9c94435b6eb78cba4163
220,0,0,1,32f68d0b298573fd3c73a204223cdc083223232738ea9c94435b6eb78cba4163
221,0,0,1,32f68d0b298573fd3c73a204223cdc083223232738ea9c94435b6eb78cba4163
222,0,0,1,32f68d0b298573fd3c73a204223cdc083223232738ea9c94435b6eb78cba4163
223,0,0,1,32f68d0b298573fd3c73a204223cdc083223232738ea9c94435b6eb78cba4163
224,0,0,1,32f68d0b298573fd3c73a204223cdc083223232738ea9c94435b6eb78cba4163
225,0,0,1,32f68d0b298573fd3c73a204223cdc083223232738ea9c94435b6eb78cba4163
226,0,0,1,32f68d0b298573fd3c73a204223cdc083223232738ea9c94435b6eb78cba4163
227,0,0,1,32f68d0b298573fd3c73a204223cdc083223232738ea9c94435b6eb78cba4163
228,0,0,1,32f68d0b298573fd3c73a204223cdc083223232738ea9c94435b6eb78cba4163
229,0,0,1,32f68d0b298573fd3c73a204223cdc083223232738ea9c94435b6eb78cba4163
230,0,0,1,32f68d0b298573fd3c73a204223cdc083223232738ea9c94435b6eb78cba4163
231,0,0,1,32f68d0b298573fd3c73a204223cdc083223232738ea9c94435b6eb78cba4163
232,0,0,1,32f68d0b298573fd3c73a204223cdc083223232738ea9c94435b6eb78cba4163
233,0,0,1,32f68d0b298573fd3c73a204223cdc083223232738ea9c94435b6eb78cba4163
234,0,0,1,32f68d0b298573fd3c73a204223cdc083223232738ea9c94435b6eb78cba4163
235,0,0,1,32f68d0b298573fd3c73a204223cdc083223232738ea9c94435b6eb78cba4163
236,0,0,1,32f68d0b298573fd3c73a204223cdc083223232738ea9c94435b6eb78cba4163
237,0,0,1,32f68d0b298573fd3c73a204223cdc083223232738ea9c94435b6eb78cba4163
238,0,0,1,32f68d0b298573fd3c73a204223cdc083223232738ea9c94435b6eb78cba4163
239,0,0,1,32f68d0b298573fd3c73a204223cdc083223232738ea9c94435b6eb78cba4163
240,0,0,1,32f68d0b298573fd3c73a204223cdc083223232738ea9c94435b6eb78cba4163
241,0,0,1,32f68d0b298573fd3c73a204223cdc083223232738ea9c94435b6eb78cba4163
242,0,0,1,32f68d0b298573fd3c73a204223cdc083223232738ea9c94435b6eb78cba4163
243,0,0,1,32f68d0b298573fd3c73a204223cdc083223232738ea9c94435b6eb78cba4163
244,0,0,1,32f68d0b298573fd3c73a204223cdc083223232738ea9c94435b6eb78cba4163
245,0,0,1,32f68d0b298573fd3c73a204223cdc083223232738ea9c94435b6eb78cba4163
246,0,0,1,32f68d0b298573fd3c73a204223cdc083223232738ea9c94435b6eb78cba4163
247,0,0,1,32f68d0b298573fd3c73a204223cdc083223232738ea9c94435b6eb78cba4163
248,0,0,1,32f68d0b298573fd3c73a204223cdc083223232738ea9c94435b6eb78cba4163
249,0,0,1,32f68d0b298573fd3c73a204223cdc083223232738ea9c94435b6eb78cba4163
250,0,0,1,32f68d0b298573fd3c73a204223cdc083223232738ea9c94435b6eb78cba4163
251,0,0,1,32f68d0b298573fd3c73a204223cdc083223232738ea9c94435b6eb78cba4163
252,0,0,1,32f68d0b298573fd3c73a204223cdc083223232738ea9c94435b6eb78cba4163
253,0,0,1,32f68d0b298573fd3c73a204223cdc083223232738ea9c94435b6eb78cba4163
254,0,0,1,32f68d0b298573fd3c73a204223cdc083223232738ea9c94435b6eb78cba4163
255,0,0,1,32f68d0b298573fd3c73a204223cdc083223232738ea9c94435b6eb78cba4163
256,0,0,1,32f68d0b298573fd3c73a204223cdc083223232738ea9c94435b6eb78cba4163
257,0,0,1,32f68d0b298573fd3c73a204223cdc083223232738ea9c94435b6eb78cba4163
258,0,0,1,32f68d0b298573fd3c73a204223cdc083223232738ea9c94435b6eb78cba4163
259,0,0,1,32f68d0b298573fd3c73a204223cdc083223232738ea9c94435b6eb78cba4163
260,0,0,1,32f68d0b298573fd3c73a204223cdc083223232738ea9c94435b6eb78cba4163
261,0,0,1,32f68d0b298573fd3c73a204223cdc083223232738ea9c94435b6eb78cba4163
262,0,0,1,32f68d0b298573fd3c73a204223cdc083223232738ea9c94435b6eb78cba4163
263,0,0,1,32f68d0b298573fd3c73a204223cdc083223232738ea9c94435b6eb78cba4163
264,0,0,1,32f68d0b298573fd3c73a204223cdc083223232738ea9c94435b6eb78cba4163
265,0,0,1,32f68d0b298573fd3c73a204223cdc083223232738ea9c94435b6eb78cba4163
266,0,0,1,32f68d0b298573fd3c73a204223cdc083223232738ea9c94435b6eb78cba4163
267,0,0,1,32f68d0b298573fd3c73a204223cdc083223232738ea9c94435b6eb78cba4163
268,0,0,1,32f68d0b298573fd3c73a204223cdc083223232738ea9c94435b6eb78cba4163
269,0,0,1,32f68d0b298573fd3c73a204223cdc083223232738ea9c94435b6eb78cba4163
270,0,0,1,32f68d0b298573fd3c73a204223cdc083223232738ea9c94435b6eb78cba4163
271,0,0,1,32f68d0b298573fd3c73a204223cdc083223232738ea9c94435b6eb78cba4163
272,0,0,1,32f68d0b298573fd3c73a204223cdc083223232738ea9c94435b6eb78cba4163
273,0,0,1,32f68d0b298573fd3c73a204223cdc083223232738ea9c94435b6eb78cba4163
274,0,0,1,32f68d0b298573fd3c73a204223cdc083223232738ea9c94435b6eb78cba4163
275,0,0,1,32f68d0b298573fd3c73a204223cdc083223232738ea9c94435b6eb78cba4163
276,0,0,1,32f68d0b298573fd3c73a204223cdc083223232738ea9c94435b6eb78cba4163
277,0,0,1,32f68d0b298573fd3c73a204223cdc083223232738ea9c94435b6eb78cba4163
278,0,0,1,32f68d0b298573fd3c73a204223cdc083223232738ea9c94435b6eb78cba4163
279,0,0,1,32f68d0b298573fd3c73a204223cdc083223232738ea9c94435b6eb78cba4163
280,0,0,1,32f68d0b298573fd3c73a204223cdc083223232738ea9c94435b6eb78cba4163
281,0,0,1,32f68d0b298573fd3c73a204223cdc083223232738ea9c94435b6eb78cba4163
282,0,0,1,32f68d0b298573fd3c73a204223cdc083223232738ea9c94435b6eb78cba4163
283,0,0,1,32f68d0b298573fd3c73a204223cdc083223232738ea9c94435b6eb78cba4163
284,0,0,1,32f68d0b298573fd3c73a204223cdc083223232738ea9c94435b6eb78cba4163
285,0,0,1,32f68d0b298573fd3c73a204223cdc083223232738ea9c94435b6eb78cba4163
286,0,0,1,32f68d0b298573fd3c73a204223cdc083223232738ea9c94435b6eb78cba4163
287,0,0,1,32f68d0b298573fd3c73a204223cdc083223232738ea9c94435b6eb78cba4163
288,0,0,1,32f68d0b298573fd3c73a204223cdc083223232738ea9c94435b6eb78cba4163
289,0,0,1,32f68d0b298573fd3c73a204223cdc083223232738ea9c94435b6eb78cba4163
290,0,0,1,32f68d0b298573fd3c73a204223cdc083223232738ea9c94435b6eb78cba4163
291,0,0,1,32f68d0b298573fd3c73a204223cdc083223232738ea9c94435b6eb78cba4163
292,0,0,1,32f68d0b298573fd3c73a204223cdc083223232738ea9c94435b6eb78cba4163
293,0,0,1,32f68d0b298573fd3c73a204223cdc083223232738ea9c94435b6eb78cba4163
294,0,0,1,32f68d0b298573fd3c73a204223cdc083223232738ea9c94435b6eb78cba4163
295,0,0,1,32f68d0b298573fd3c73a204223cdc083223232738ea9c94435b6eb78cba4163
296,0,0,1,32f68d0b298573fd3c73a204223cdc083223232738ea9c94435b6eb78cba4163
297,0,0,1,32f68d0b298573fd3c73a204223cdc083223232738ea9c94435b6eb78cba4163
298,0,0,1,32f68d0b298573fd3c73a204223cdc083223232738ea9c94435b6eb78cba4163
299,0,0,1,32f68d0b298573fd3c73a204223cdc083223232738ea9c94435b6eb78cba4163
300,0,0,1,32f68d0b298573fd3c73a204223cdc083223232738ea9c94435b6eb78cba4163
301,0,0,1,32f68d0b298573fd3c73a204223cdc083223232738ea9c94435b6eb78cba4163
302,0,0,1,32f68d0b298573fd3c73a204223cdc083223232738ea9c94435b6eb78cba4163
303,0,0,1,32f68d0b298573fd3c73a204223cdc083223232738ea9c94435b6eb78cba4163
304,0,0,1,32f68d0b298573fd3c73a204223cdc083223232738ea9c94435b6eb78cba4163
305,0,0,1,32f68d0b298573fd3c73a204223cdc083223232738ea9c94435b6eb78cba4163
306,0,0,1,32f68d0b298573fd3c73a204223cdc083223232738ea9c94435b6eb78cba4163
307,0,0,1,32f68d0b298573fd3c73a204223cdc083223232738ea9c94435b6eb78cba4163
308,0,0,1,32f68d0b298573fd3c73a204223cdc083223232738ea9c94435b6eb78cba4163
309,0,0,1,32f68d0b298573fd3c73a204223cdc083223232738ea9c94435b6eb78cba4163
310,0,0,1,32f68d0b298573fd3c73a204223cdc083223232738ea9c94435b6eb78cba4163
311,0,0,1,32f68d0b298573fd3c73a204223cdc083223232738ea9c94435b6eb78cba4163
312,0,0,1,32f68d0b298573fd3c73a204223cdc083223232738ea9c94435b6eb78cba4163
313,0,0,1,32f68d0b298573fd3c73a204223cdc083223232738ea9c94435b6eb78cba4163
314,0,0,1,32f68d0b298573fd3c73a204223cdc083223232738ea9c94435b6eb78cba4163
315,0,0,1,32f68d0b298573fd3c73a204223cdc083223232738ea9c94435b6eb78cba4163
316,0,0,1,32f68d0b298573fd3c73a204223cdc083223232738ea9c94435b6eb78cba4163
317,0,0,1,32f68d0b298573fd3c73a204223cdc083223232738ea9c94435b6eb78cba4163
318,0,0,1,32f68d0b298573fd3c73a204223cdc083223232738ea9c94435b6eb78cba4163
319,0,0,1,32f68d0b298573fd3c73a204223cdc083223232738ea9c94435b6eb78cba4163
320,0,0,1,32f68d0b298573fd3c73a204223cdc083223232738ea9c94435b6eb78cba4163
321,0,0,1,32f68d0b298573fd3c73a204223cdc083223232738ea9c94435b6eb78cba4163
322,0,0,1,32f68d0b298573fd3c73a204223cdc083223232738ea9c94435b6eb78cba4163
323,0,0,1,32f68d0b298573fd3c73a204223cdc083223232738ea9c94435b6eb78cba4163
324,0,0,1,32f68d0b298573fd3c73a204223cdc083223232738ea9c94435b6eb78cba4163
325,0,0,1,32f68d0b298573fd3c73a204223cdc083223232738ea9c94435b6eb78cba4163
326,0,0,1,32f68d0b298573fd3c73a204223cdc083223232738ea9c94435b6eb78cba4163
327,0,0,1,32f68d0b298573fd3c73a204223cdc083223232738ea9c94435b6eb78cba4163
328,0,0,1,32f68d0b298573fd3c73a204223cdc083223232738ea9c94435b6eb78cba4163
329,0,0,1,32f68d0b298573fd3c73a204223cdc083223232738ea9c94435b6eb78cba4163
330,0,0,1,32f68d0b298573fd3c73a204223cdc083223232738ea9c94435b6eb78cba4163
331,0,0,1,32f68d0b298573fd3c73a204223cdc083223232738ea9c94435b6eb78cba4163
332,0,0,1,32f68d0b298573fd3c73a204223cdc083223232738ea9c94435b6eb78cba4163
333,0,0,1,32f68d0b298573fd3c73a204223cdc083223232738ea9c94435b6eb78cba4163
334,0,0,1,32f68d0b298573fd3c73a204223cdc083223232738ea9c94435b6eb78cba4163
335,0,0,1,32f68d0b298573fd3c73a204223cdc083223232738ea9c94435b6eb78cba4163
336,0,0,1,32f68d0b298573fd3c73a204223cdc083223232738ea9c94435b6eb78cba4163
337,0,0,1,32f68d0b298573fd3c73a204223cdc083223232738ea9c94435b6eb78cba4163
338,0,0,1,32f68d0b298573fd3c73a204223cdc083223232738ea9c94435b6eb78cba4163
339,0,0,1,32f68d0b298573fd3c73a204223cdc083223232738ea9c94435b6eb78cba4163
340,0,0,1,32f68d0b298573fd3c73a204223cdc083223232738ea9c94435b6eb78cba4163
341,0,0,1,32f68d0b298573fd3c73a204223cdc083223232738ea9c94435b6eb78cba4163
342,0,0,1,32f68d0b298573fd3c73a204223cdc083223232738ea9c94435b6eb78cba4163
343,0,0,1,32f68d0b298573fd3c73a204223cdc083223232738ea9c94435b6eb78cba4163
344,0,0,1,32f68d0b298573fd3c73a204223cdc083223232738ea9c94435b6eb78cba4163
345,0,0,1,32f68d0b298573fd3c73a204223cdc083223232738ea9c94435b6eb78cba4163
346,0,0,1,32f68d0b298573fd3c73a204223cdc083223232738ea9c94435b6eb78cba4163
347,0,0,1,32f68d0b298573fd3c73a204223cdc083223232738ea9c94435b6eb78cba4163
348,0,0,1,32f68d0b298573fd3c73a204223cdc083223232738ea9c94435b6eb78cba4163
349,0,0,1,32f68d0b298573fd3c73a204223cdc083223232738ea9c94435b6eb78cba4163
350,0,0,1,32f68d0b298573fd3c73a204223cdc083223232738ea9c94435b6eb78cba4163
351,0,0,1,32f68d0b298573fd3c73a204223cdc083223232738ea9c94435b6eb78cba4163
352,0,0,1,32f68d0b298573fd3c73a204223cdc083223232738ea9c94435b6eb78cba4163
353,0,0,1,32f68d0b298573fd3c73a204223cdc083223232738ea9c94435b6eb78cba4163
354,0,0,1,32f68d0b298573fd3c73a204223cdc083223232738ea9c94435b6eb78cba4163
355,0,0,1,32f68d0b298573fd3c73a204223cdc083223232738ea9c94435b6eb78cba4163
356,0,0,1,32f68d0b298573fd3c73a204223cdc083223232738ea9c94435b6eb78cba4163
357,0,0,1,32f68d0b298573fd3c73a204223cdc083223232738ea9c94435b6eb78cba4163
358,0,0,1,32f68d0b298573fd3c73a204223cdc083223232738ea9c94435b6eb78cba4163
359,0,0,1,32f68d0b298573fd3c73a204223cdc083223232738ea9c94435b6eb78cba4163
360,0,0,1,32f68d0b298573fd3c73a204223cdc083223232738ea9c94435b6eb78cba4163
361,0,0,1,32f68d0b298573fd3c73a204223cdc083223232738ea9c94435b6eb78cba4163
362,0,0,1,32f68d0b298573fd3c73a204223cdc083223232738ea9c94435b6eb78cba4163
363,0,0,1,32f68d0b298573fd3c73a204223cdc083223232738ea9c94435b6eb78cba4163
364,0,0,1,32f68d0b298573fd3c73a204223cdc083223232738ea9c94435b6eb78cba4163
365,0,0,1,32f68d0b298573fd3c73a204223cdc083223232738ea9c94435b6eb78cba4163
366,0,0,1,32f68d0b298573fd3c73a204223cdc083223232738ea9c94435b6eb78cba4163
367,0,0,1,32f68d0b298573fd3c73a204223cdc083223232738ea9c94435b6eb78cba4163
368,0,0,1,32f68d0b298573fd3c73a204223cdc083223232738ea9c94435b6eb78cba4163
369,0,0,1,32f68d0b298573fd3c73a204223cdc083223232738ea9c94435b6eb78cba4163
370,0,0,1,32f68d0b298573fd3c73a204223cdc083223232738ea9c94435b6eb78cba4163
371,0,0,1,32f68d0b298573fd3c73a204223cdc083223232738ea9c94435b6eb78cba4163
372,0,0,1,32f68d0b298573fd3c73a204223cdc083223232738ea9c94435b6eb78cba4163
373,0,0,1,32f68d0b298573fd3c73a204223cdc083223232738ea9c94435b6eb78cba4163
374,0,0,1,32f68d0b298573fd3c73a204223cdc083223232738ea9c94435b6eb78cba4163
375,0,0,1,32f68d0b298573fd3c73a204223cdc083223232738ea9c94435b6eb78cba4163
376,0,0,1,32f68d0b298573fd3c73a204223cdc083223232738ea9c94435b6eb78cba4163
377,0,0,1,32f68d0b298573fd3c73a204223cdc083223232738ea9c94435b6eb78cba4163
378,0,0,1,32f68d0b298573fd3c73a204223cdc083223232738ea9c94435b6eb78cba4163
379,0,0,1,32f68d0b298573fd3c73a204223cdc083223232738ea9c94435b6eb78cba4163
380,0,0,1,32f68d0b298573fd3c73a204223cdc083223232738ea9c94435b6eb78cba4163
381,0,0,1,32f68d0b298573fd3c73a204223cdc083223232738ea9c94435b6eb78cba4163
382,0,0,1,32f68d0b298573fd3c73a204223cdc083223232738ea9c94435b6eb78cba4163
383,0,0,1,32f68d0b298573fd3c73a204223cdc083223232738ea9c94435b6eb78cba4163
384,0,0,1,32f68d0b298573fd3c73a204223cdc083223232738ea9c94435b6eb78cba4163
385,0,0,1,32f68d0b298573fd3c73a204223cdc083223232738ea9c94435b6eb78cba4163
386,0,0,1,32f68d0b298573fd3c73a204223cdc083223232738ea9c94435b6eb78cba4163
387,0,0,1,32f68d0b298573fd3c73a204223cdc083223232738ea9c94435b6eb78cba4163
388,0,0,1,32f68d0b298573fd3c73a204223cdc083223232738ea9c94435b6eb78cba4163
389,0,0,1,32f68d0b298573fd3c73a204223cdc083223232738ea9c94435b6eb78cba4163
390,0,0,1,32f68d0b298573fd3c73a204223cdc083223232738ea9c94435b6eb78cba4163
391,0,0,1,32f68d0b298573fd3c73a204223cdc083223232738ea9c94435b6eb78cba4163
392,0,0,1,32f68d0b298573fd3c73a204223cdc083223232738ea9c94435b6eb78cba4163
393,0,0,1,32f68d0b298573fd3c73a204223cdc083223232738ea9c94435b6eb78cba4163
394,0,0,1,32f68d0b298573fd3c73a204223cdc083223232738ea9c94435b6eb78cba4163
395,0,0,1,32f68d0b298573fd3c73a204223cdc083223232738ea9c94435b6eb78cba4163
396,0,0,1,32f68d0b298573fd3c73a204223cdc083223232738ea9c94435b6eb78cba4163
397,0,0,1,32f68d0b298573fd3c73a204223cdc083223232738ea9c94435b6eb78cba4163
398,0,0,1,32f68d0b298573fd3c73a204223cdc083223232738ea9c94435b6eb78cba4163
399,0,0,1,32f68d0b298573fd3c73a204223cdc083223232738ea9c94435b6eb78cba4163
400,0,0,1,32f68d0b298573fd3c73a204223cdc083223232738ea9c94435b6eb78cba4163
401,0,0,1,32f68d0b298573fd3c73a204223cdc083223232738ea9c94435b6eb78cba4163
402,0,0,1,32f68d0b298573fd3c73a204223cdc083223232738ea9c94435b6eb78cba4163
403,0,0,1,32f68d0b298573fd3c73a204223cdc083223232738ea9c94435b6eb78cba4163
404,0,0,1,32f68d0b298573fd3c73a204223cdc083223232738ea9c94435b6eb78cba4163
405,0,0,1,32f68d0b298573fd3c73a204223cdc083223232738ea9c94435b6eb78cba4163
406,0,0,1,32f68d0b298573fd3c73a204223cdc083223232738ea9c94435b6eb78cba4163
407,0,0,1,32f68d0b298573fd3c73a204223cdc083223232738ea9c94435b6eb78cba4163
408,0,0,1,32f68d0b298573fd3c73a204223cdc083223232738ea9c94435b6eb78cba4163
409,0,0,1,32f68d0b298573fd3c73a204223cdc083223232738ea9c94435b6eb78cba4163
410,0,0,1,32f68d0b298573fd3c73a204223cdc083223232738ea9c94435b6eb78cba4163
411,0,0,1,32f68d0b298573fd3c73a204223cdc083223232738ea9c94435b6eb78cba4163
412,0,0,1,32f68d0b298573fd3c73a204223cdc083223232738ea9c94435b6eb78cba4163
413,0,0,1,32f68d0b298573fd3c73a204223cdc083223232738ea9c94435b6eb78cba4163
414,0,0,1,32f68d0b298573fd3c73a204223cdc083223232738ea9c94435b6eb78cba4163
415,0,0,1,32f68d0b298573fd3c73a204223cdc083223232738ea9c94435b6eb78cba4163
416,0,0,1,32f68d0b298573fd3c73a204223cdc083223232738ea9c94435b6eb78cba4163
417,0,0,1,32f68d0b298573fd3c73a204223cdc083223232738ea9c94435b6eb78cba4163
418,0,0,1,32f68d0b298573fd3c73a204223cdc083223232738ea9c94435b6eb78cba4163
419,0,0,1,32f68d0b298573fd3c73a204223cdc083223232738ea9c94435b6eb78cba4163
420,0,0,1,32f68d0b298573fd3c73a204223cdc083223232738ea9c94435b6eb78cba4163
421,0,0,1,32f68d0b298573fd3c73a204223cdc083223232738ea9c94435b6eb78cba4163
422,0,0,1,32f68d0b298573fd3c73a204223cdc083223232738ea9c94435b6eb78cba4163
423,0,0,1,32f68d0b298573fd3c73a204223cdc083223232738ea9c94435b6eb78cba4163
424,0,0,1,32f68d0b298573fd3c73a204223cdc083223232738ea9c94435b6eb78cba4163
425,0,0,1,32f68d0b298573fd3c73a204223cdc083223232738ea9c94435b6eb78cba4163
426,0,0,1,32f68d0b298573fd3c73a204223cdc083223232738ea9c94435b6eb78cba4163
427,0,0,1,32f68d0b298573fd3c73a204223cdc083223232738ea9c94435b6eb78cba4163
428,0,0,1,32f68d0b298573fd3c73a204223cdc083223232738ea9c94435b6eb78cba4163
429,0,0,1,32f68d0b298573fd3c73a204223cdc083223232738ea9c94435b6eb78cba4163
430,0,0,1,32f68d0b298573fd3c73a204223cdc083223232738ea9c94435b6eb78cba4163
431,0,0,1,32f68d0b298573fd3c73a204223cdc083223232738ea9c94435b6eb78cba4163
432,0,0,1,32f68d0b298573fd3c73a204223cdc083223232738ea9c94435b6eb78cba4163
433,0,0,1,32f68d0b298573fd3c73a204223cdc083223232738ea9c94435b6eb78cba4163
434,0,0,1,32f68d0b298573fd3c73a204223cdc083223232738ea9c94435b6eb78cba4163
435,0,0,1,32f68d0b298573fd3c73a204223cdc083223232738ea9c94435b6eb78cba4163
436,0,0,1,32f68d0b298573fd3c73a204223cdc083223232738ea9c94435b6eb78cba4163
437,0,0,1,32f68d0b298573fd3c73a204223cdc083223232738ea9c94435b6eb78cba4163
438,0,0,1,32f68d0b298573fd3c73a204223cdc083223232738ea9c94435b6eb78cba4163
439,0,0,1,32f68d0b298573fd3c73a204223cdc083223232738ea9c94435b6eb78cba4163
440,0,0,1,32f68d0b298573fd3c73a204223cdc083223232738ea9c94435b6eb78cba4163
441,0,0,1,32f68d0b298573fd3c73a204223cdc083223232738ea9c94435b6eb78cba4163
442,0,0,1,32f68d0b298573fd3c73a204223cdc083223232738ea9c94435b6eb78cba4163
443,0,0,1,32f68d0b298573fd3c73a204223cdc083223232738ea9c94435b6eb78cba4163
444,0,0,1,32f68d0b298573fd3c73a204223cdc083223232738ea9c94435b6eb78cba4163
445,0,0,1,32f68d0b298573fd3c73a204223cdc083223232738ea9c94435b6eb78cba4163
446,0,0,1,32f68d0b298573fd3c73a204223cdc083223232738ea9c94435b6eb78cba4163
447,0,0,1,32f68d0b298573fd3c73a204223cdc083223232738ea9c94435b6eb78cba4163
448,0,0,1,32f68d0b298573fd3c73a204223cdc083223232738ea9c94435b6eb78cba4163
449,0,0,1,32f68d0b298573fd3c73a204223cdc083223232738ea9c94435b6eb78cba4163
450,0,0,1,32f68d0b298573fd3c73a204223cdc083223232738ea9c94435b6eb78cba4163
451,0,0,1,32f68d0b298573fd3c73a204223cdc083223232738ea9c94435b6eb78cba4163
452,0,0,1,32f68d0b298573fd3c73a204223cdc083223232738ea9c94435b6eb78cba4163
453,0,0,1,32f68d0b298573fd3c73a204223cdc083223232738ea9c94435b6eb78cba4163
454,0,0,1,32f68d0b298573fd3c73a204223cdc083223232738ea9c94435b6eb78cba4163
455,0,0,1,32f68d0b298573fd3c73a204223cdc083223232738ea9c94435b6eb78cba4163
456,0,0,1,32f68d0b298573fd3c73a204223cdc083223232738ea9c94435b6eb78cba4163
457,0,0,1,32f68d0b298573fd3c73a204223cdc083223232738ea9c94435b6eb78cba4163
458,0,0,1,32f68d0b298573fd3c73a204223cdc083223232738ea9c94435b6eb78cba4163
459,0,0,1,32f68d0b298573fd3c73a204223cdc083223232738ea9c94435b6eb78cba4163
460,0,0,1,32f68d0b298573fd3c73a204223cdc083223232738ea9c94435b6eb78cba4163
461,0,0,1,32f68d0b298573fd3c73a204223cdc083223232738ea9c94435b6eb78cba4163
462,0,0,1,32f68d0b298573fd3c73a204223cdc083223232738ea9c94435b6eb78cba4163
463,0,0,1,32f68d0b298573fd3c73a204223cdc083223232738ea9c94435b6eb78cba4163
464,0,0,1,32f68d0b298573fd3c73a204223cdc083223232738ea9c94435b6eb78cba4163
465,0,0,1,32f68d0b298573fd3c73a204223cdc083223232738ea9c94435b6eb78cba4163
466,0,0,1,32f68d0b298573fd3c73a204223cdc083223232738ea9c94435b6eb78cba4163
467,0,0,1,32f68d0b298573fd3c73a204223cdc083223232738ea9c94435b6eb78cba4163
468,0,0,1,32f68d0b298573fd3c73a204223cdc083223232738ea9c94435b6eb78cba4163
469,0,0,1,32f68d0b298573fd3c73a204223cdc083223232738ea9c94435b6eb78cba4163
470,0,0,1,32f68d0b298573fd3c73a204223cdc083223232738ea9c94435b6eb78cba4163
471,0,0,1,32f68d0b298573fd3c73a204223cdc083223232738ea9c94435b6eb78cba4163
472,0,0,1,32f68d0b298573fd3c73a204223cdc083223232738ea9c94435b6eb78cba4163
473,0,0,1,32f68d0b298573fd3c73a204223cdc083223232738ea9c94435b6eb78cba4163
474,0,0,1,32f68d0b298573fd3c73a204223cdc083223232738ea9c94435b6eb78cba4163
475,0,0,1,32f68d0b298573fd3c73a204223cdc083223232738ea9c94435b6eb78cba4163
476,0,0,1,32f68d0b298573fd3c73a204223cdc083223232738ea9c94435b6eb78cba4163
477,0,0,1,32f68d0b298573fd3c73a204223cdc083223232738ea9c94435b6eb78cba4163
478,0,0,1,32f68d0b298573fd3c73a204223cdc083223232738ea9c94435b6eb78cba4163
479,0,0,1,32f68d0b298573fd3c73a204223cdc083223232738ea9c94435b6eb78cba4163
480,0,0,1,32f68d0b298573fd3c73a204223cdc083223232738ea9c94435b6eb78cba4163
481,0,0,1,32f68d0b298573fd3c73a204223cdc083223232738ea9c94435b6eb78cba4163
482,0,0,1,32f68d0b298573fd3c73a204223cdc083223232738ea9c94435b6eb78cba4163
483,0,0,1,32f68d0b298573fd3c73a204223cdc083223232738ea9c94435b6eb78cba4163
484,0,0,1,32f68d0b298573fd3c73a204223cdc083223232738ea9c94435b6eb78cba4163
485,0,0,1,32f68d0b298573fd3c73a204223cdc083223232738ea9c94435b6eb78cba4163
486,0,0,1,32f68d0b298573fd3c73a204223cdc083223232738ea9c94435b6eb78cba4163
487,0,0,1,32f68d0b298573fd3c73a204223cdc083223232738ea9c94435b6eb78cba4163
488,0,0,1,32f68d0b298573fd3c73a204223cdc083223232738ea9c94435b6eb78cba4163
489,0,0,1,32f68d0b298573fd3c73a204223cdc083223232738ea9c94435b6eb78cba4163
490,0,0,1,32f68d0b298573fd3c73a204223cdc083223232738ea9c94435b6eb78cba4163
491,0,0,1,32f68d0b298573fd3c73a204223cdc083223232738ea9c94435b6eb78cba4163
492,0,0,1,32f68d0b298573fd3c73a204223cdc083223232738ea9c94435b6eb78cba4163
493,0,0,1,32f68d0b298573fd3c73a204223cdc083223232738ea9c94435b6eb78cba4163
494,0,0,1,32f68d0b298573fd3c73a204223cdc083223232738ea9c94435b6eb78cba4163
495,0,0,1,32f68d0b298573fd3c73a204223cdc083223232738ea9c94435b6eb78cba4163
496,0,0,1,32f68d0b298573fd3c73a204223cdc083223232738ea9c94435b6eb78cba4163
497,0,0,1,32f68d0b298573fd3c73a204223cdc083223232738ea9c94435b6eb78cba4163
498,0,0,1,32f68d0b298573fd3c73a204223cdc083223232738ea9c94435b6eb78cba4163
499,0,0,1,32f68d0b298573fd3c73a204223cdc083223232738ea9c94435b6eb78cba4163
