tc,tt,bc,bt,hi_hex,lo_hex,response
1,0,0,1,00042400,C7A7EC40,1165485675113536
1,0,0,3,00042400,C7A7EC40,1165485675113536
1,0,0,5,EC9C3410,FFAFECDA,17049559536931695834
1,0,0,7,A41C2410,FFAFECD8,11825366376995876056
1,1,0,0,FFFFFBFF,BE5F9FBF,18446739674562011071
1,1,0,2,FFFF0BFF,0C5C1BA8,18446475788784769960
1,1,0,4,FFFFFBFF,BEDF9FBF,18446739674570399679
1,1,0,6,FFFFDBFF,3C5D9FBF,18446704488008753087
1,2,0,1,00042400,CFA7EC50,1165485809331280
1,2,0,3,00042400,CFAFEC50,1165485809855568
1,2,0,5,EC9CF410,FFBFECDA,17049770643165277402
1,2,0,7,A49C3410,FFAFECDA,11861412766200884442
1,3,0,0,FFFF0BFF,2C5C1FA8,18446475789321641896
1,3,0,2,51F30BEF,001813A8,5905076657539519400
1,3,0,4,FFFF0BFF,2C5C9FA8,18446475789321674664
1,3,0,6,FFFF0BFF,045C1BA8,18446475788650552232
1,4,0,1,00042400,C7A7EC40,1165485675113536
1,4,0,3,00042400,C7A7EC40,1165485675113536
1,4,0,5,EC9C3410,FFAFECDA,17049559536931695834
1,4,0,7,A41C2410,FFAFECD8,11825366376995876056
1,5,0,0,FFFFDBFF,BE5F9FBF,18446704490189922239
1,5,0,2,FFFF0BFF,0C5C1BA8,18446475788784769960
1,5,0,4,FFFFFBFF,BEDF9FBF,18446739674570399679
1,5,0,6,FFFFDBFF,3C5D9FBF,18446704488008753087
1,6,0,1,00042400,CFAFEC50,1165485809855568
1,6,0,3,00042400,CFAFEC50,1165485809855568
1,6,0,5,EC9CF410,FFBFECDA,17049770643165277402
1,6,0,7,AC9C3410,FFAFECDA,12437873518504307930
1,7,0,0,FFFFDBFF,3C5C9FBF,18446704488008687551
1,7,0,2,57F70BFF,005C1BA8,6338548190397864872
1,7,0,4,FFFFDBFF,3C5D9FBF,18446704488008753087
1,7,0,6,FFFF0BFF,2C5C9FA8,18446475789321674664
2,0,0,0,FFFFFFFF,7FFFFDFF,18446744071562067455
2,0,0,2,FFFFFFFF,7FFFFDFD,18446744071562067453
2,0,0,4,FFFFFFFF,7FFFFDFF,18446744071562067455
2,0,0,6,FFFFFFFF,7FFFFDFF,18446744071562067455
2,1,0,1,00000000,80001FA2,2147491746
2,1,0,3,00000000,80001FA2,2147491746
2,1,0,5,04060400,80201FFA,289923626208075770
2,1,0,7,00000000,80201FFA,2149588986
2,2,0,2,FFFFFFFF,7FFFFDFF,18446744071562067455
2,2,0,6,FFFFFFFF,7FFFFDFF,18446744071562067455
2,3,0,1,00000000,80000380,2147484544
2,3,0,3,00000000,80000380,2147484544
2,3,0,5,00000000,80001FA2,2147491746
2,3,0,7,00000000,80001FA2,2147491746
2,4,0,0,FFFFFFFF,7FFFFDFF,18446744071562067455
2,4,0,2,FFFFFFFF,7FFFEC7D,18446744071562062973
2,4,0,4,FFFFFFFF,7FFFFDFF,18446744071562067455
2,4,0,6,FFFFFFFF,7FFFFDFF,18446744071562067455
2,5,0,1,00000000,80000380,2147484544
2,5,0,3,00000000,80000380,2147484544
2,5,0,5,00000000,800013A0,2147488672
2,5,0,7,00000000,80000380,2147484544
2,6,0,0,FFFFFFFF,7FFFEC5C,18446744071562062940
2,6,0,2,FFFFABFF,7FFFEC0C,18446651712585329676
2,6,0,4,FFFFFFFF,7FFFEC5D,18446744071562062941
2,6,0,6,FFFFFFFF,7FFFEC1C,18446744071562062876
2,7,0,1,00000000,80001FBA,2147491770
2,7,0,3,00000000,80001FBA,2147491770
2,7,0,5,04060400,80A01FFB,289923626216464379
2,7,0,7,04060400,80A01FFA,289923626216464378
2,0,1,1,FFFFFCBD,7FFFEC5F,18446740489559338079
2,0,1,3,FFFFFCBD,7FFFEC5F,18446740489559338079
2,0,1,5,FFFFFCBD,7FFFEC5F,18446740489559338079
2,0,1,7,FFFFFDBD,7FFFEC5F,18446741589070965855
2,1,1,0,04030B6F,80001BAA,289087374598609834
2,1,1,2,00020B6F,80001BAA,575523470187434
2,1,1,4,04070BEF,80001FAA,290213824261267370
2,1,1,6,00020B6F,80001BAA,575523470187434
2,2,1,1,FFFFFFBF,FFFFECDF,18446743798831639775
2,2,1,3,FFFFFFBF,FFFFECDF,18446743798831639775
2,2,1,5,FFFFFFBF,FFFFECDF,18446743798831639775
2,2,1,7,FFFFFFBF,FFFFECDF,18446743798831639775
2,3,1,0,00020B6F,800013A0,575523470185376
2,3,1,2,00020363,800013A0,566675837555616
2,3,1,4,00020B6F,800013AA,575523470185386
2,3,1,6,00020367,800013A0,566693017424800
2,4,1,1,FFFFF4BD,7FFFEC5F,18446731693466315871
2,4,1,3,FFFFF4BD,7FFFEC5F,18446731693466315871
2,4,1,5,FFFFF4BD,7FFFEC5F,18446731693466315871
2,4,1,7,FFFFFCBD,7FFFEC5F,18446740489559338079
2,5,1,0,00000163,800013A0,1526860878752
2,5,1,2,00000042,000013A0,283467846560
2,5,1,4,00020363,800013A0,566675837555616
2,5,1,6,00000042,800013A0,285615330208
2,6,1,1,FFFFF49D,7FFFEC5C,18446731556027362396
2,6,1,3,FFFFF49D,7FFFEC5C,18446731556027362396
2,6,1,5,FFFFF49D,7FFFEC5C,18446731556027362396
2,6,1,7,FFFFF49D,7FFFEC5C,18446731556027362396
2,7,1,0,04070BEF,80001FAA,290213824261267370
2,7,1,2,04030B6F,80001BAA,289087374598609834
2,7,1,4,04075FEF,80101FBB,290306183239049147
2,7,1,6,04030BEF,80001BAA,289087924354423722
3,0,0,1,4C101500,85AFDFAA,5480903838496972714
3,0,0,3,4C101500,85AFDFBA,5480903838496972730
3,0,0,5,FFDCF700,FDFFFFFF,18436882558181441535
3,0,0,7,FF94D700,FDFFFFFA,18416581175486185466
3,1,0,0,F9FF28FF,2FF62010,18014162110991704080
3,1,0,2,10FF00FF,06140000,1224698718986698752
3,1,0,4,F9FF28FF,3FF62010,18014162111260139536
3,1,0,6,B1FF28FF,0F962010,12826015339717730320
3,2,0,1,00000000,802B9FA0,2150342560
3,2,0,3,00000000,802B9FA0,2150342560
3,2,0,5,04000400,81AF9FAA,288234776373993386
3,2,0,7,04000400,80AB9FAA,288234776356954026
3,3,0,2,FFFFFBFF,FFF66CDD,18446739675662413021
3,4,0,1,00000000,00099780,628608
3,4,0,3,00000000,00099780,628608
3,4,0,5,04000400,802B9FA0,288234776348565408
3,4,0,7,00000000,80299FA0,2150211488
3,5,0,0,FFFFFFFF,FFFEEEFF,18446744073709481727
3,5,0,2,FFFFFBFF,FFF6605D,18446739675662409821
3,5,0,6,FFFFFBFF,FFFE6EFF,18446739675662937855
3,6,0,1,00000000,00099780,628608
3,6,0,3,00000000,00099780,628608
3,6,0,5,04000400,802B9FA0,288234776348565408
3,6,0,7,00000000,802B9FA0,2150342560
3,7,0,0,B1FF20FF,0F962010,12826006543624708112
3,7,0,2,0046007F,06140000,19703793932566528
3,7,0,4,B1FF20FF,0F962010,12826006543624708112
3,7,0,6,B1FF20FF,0F940000,12826006543624568832
3,0,1,0,FFF7DFFF,BC5F9FAE,18444457088389193646
3,0,1,2,7FF71FEF,805D9FAA,9220873875575644074
3,0,1,4,FFFFDFFF,BC7F9FBF,18446708888204976063
3,0,1,6,7FF71FEF,A45D9FAA,9220873876179623850
3,1,1,1,A00E2012,4FB66050,11533190958761271376
3,1,1,3,A00E2012,4FB66050,11533190958761271376
3,1,1,5,A00E2012,4FB62050,11533190958761254992
3,1,1,7,A04E201B,CFB66050,11551205398072942672
3,2,1,0,44000B6D,00099FA8,4899928957359071144
3,2,1,2,04000B65,00099FA8,288242904571944872
3,2,1,4,5FF00FED,00599FAA,6913042938601250730
3,2,1,6,04000B65,00099FA8,288242904571944872
3,3,1,1,FFFFF4BF,FFF7EC5F,18446731704203209823
3,3,1,3,FFFFF4BF,FFF7EC5F,18446731704203209823
3,3,1,5,FFFFF4BF,FFF7EC5F,18446731704203209823
3,3,1,7,FFFFF4BF,FFF7EC5F,18446731704203209823
3,4,1,0,04000360,00099FA0,288234087004086176
3,4,1,2,00000340,000893A0,3573413352352
3,4,1,4,04000B61,00099FA8,288242887392075688
3,4,1,6,00000340,000893A0,3573413352352
3,5,1,1,FFFFF4BF,FFF7EC5F,18446731704203209823
3,5,1,3,FFFFF4BF,FFF7EC5F,18446731704203209823
3,5,1,5,FFFFF4BF,FFF7EC5D,18446731704203209821
3,5,1,7,FFFFF4BF,FFF7EC5F,18446731704203209823
3,6,1,0,00000340,00099FA0,3573413420960
3,6,1,2,00000340,000893A0,3573413352352
3,6,1,4,04000B61,00099FA8,288242887392075688
3,6,1,6,00000340,000893A0,3573413352352
3,7,1,1,800E2010,0FA62000,9227347939882835968
3,7,1,3,800E2010,0FA62000,9227347939882835968
3,7,1,5,000E2010,0FA62000,3975903028060160
3,7,1,7,A00E2012,4FA62040,11533190958760206400
3,0,2,1,FFFFFFFD,7FFFFFFF,18446744062972133375
3,0,2,7,FFFFFFFD,7FFFFDBE,18446744062972132798
3,1,2,0,00020002,80000200,562960690840064
3,1,2,2,00000002,00000000,8589934592
3,1,2,4,00020002,80000200,562960690840064
3,1,2,6,0002000B,80000280,562999345545856
3,2,2,1,FFFFFFBD,7FFFFDBE,18446743788094225854
3,2,2,3,FFFFFFFD,7FFFFFFF,18446744062972133375
3,2,2,5,FFFFFFFD,7FFFFFFF,18446744062972133375
3,2,2,7,FFFCA794,7FFFFD8C,18445802430047190412
3,3,2,0,000760FF,809003FB,2076975326823419
3,3,2,2,0007006F,800002D0,1970803725828816
3,3,2,4,0007007F,801002D0,1970872446354128
3,3,2,6,15FF7DFF,82B03FFB,1585124130220425211
3,4,2,1,FFFCB794,7FFFFD8C,18445820022233234828
3,4,2,3,FFFDFFBD,7FFFFDBC,18446180838140804540
3,4,2,5,FFFFFFBD,7FFFFDBE,18446743788094225854
3,4,2,7,FFFC8000,7FFFEC04,18445758913438542852
3,5,2,0,000720FF,809003D0,2006606582645712
3,5,2,2,0006006F,80000290,1689328749118096
3,5,2,4,0007006F,800002D0,1970803725828816
3,5,2,6,146778FF,82B01FFB,1470276842164330491
3,6,2,1,FFFCB794,7FFFFD8C,18445820022233234828
3,6,2,3,FFFDFFBD,7FFFFDBC,18446180838140804540
3,6,2,5,FFFDFFBD,7FFFFDBC,18446180838140804540
3,6,2,7,FFFC0000,7FFFEC04,18445618175950187524
3,7,2,0,00020002,80000200,562960690840064
3,7,2,2,00000002,00000000,8589934592
3,7,2,4,00000002,00000000,8589934592
3,7,2,6,00020003,80000200,562964985807360
